0x96f	false	#00cde8	#b3e03a	#fcfcfa	#262427	#00cde8	#545452	#545452	#ff666d	#ffc739	#a392e8	#262427	#333133	#2c2a2d
12-bit-rainbow	false	#3060b0	#40d080	#feffff	#040404	#3060b0	#685656	#685656	#a03050	#e09040	#603090	#040404	#131313	#0b0b0b
3024-day	true	#01a0e4	#01a252	#4a4543	#f7f7f7	#01a0e4	#5c5855	#5c5855	#db2d20	#caba00	#a16a94	#f7f7f7	#e8e8e8	#efefef
3024-night	false	#01a0e4	#01a252	#a5a2a2	#090300	#01a0e4	#5c5855	#5c5855	#db2d20	#fded02	#a16a94	#090300	#17120f	#100a07
aardvark-blue	false	#1370d3	#4b8c0f	#dddddd	#102040	#1370d3	#525252	#525252	#aa342e	#dbba00	#c43ac3	#102040	#1e2d4b	#172645
abernathy	false	#1093f5	#00cd00	#eeeeec	#111416	#1093f5	#404040	#404040	#cd0000	#cdcd00	#cd00cd	#111416	#1f2223	#181b1c
adventure	false	#417ab3	#5da602	#feffff	#040404	#417ab3	#685656	#685656	#d84a33	#eebb6e	#e5c499	#040404	#131313	#0b0b0b
adventure-time	false	#0f4ac6	#4ab118	#f8dcc0	#1f1d45	#0f4ac6	#4e7cbf	#4e7cbf	#bd0013	#e7741e	#665993	#1f1d45	#2c2a50	#25234a
adwaita	true	#1e78e4	#2ec27e	#000000	#ffffff	#1e78e4	#5e5c64	#5e5c64	#c01c28	#e8b504	#9841bb	#ffffff	#efefef	#f7f7f7
adwaita-dark	false	#1e78e4	#2ec27e	#ffffff	#1d1d20	#1e78e4	#5e5c64	#5e5c64	#c01c28	#f5c211	#9841bb	#1d1d20	#2a2a2d	#232326
afterglow	false	#6c99bb	#7e8e50	#d0d0d0	#212121	#6c99bb	#505050	#505050	#ac4142	#e5b567	#9f4e85	#212121	#2e2e2e	#272727
aizen-dark	false	#84b4f8	#a4e09c	#d0d6f0	#1a1a1a	#84b4f8	#444444	#444444	#f08898	#f5dea4	#c8a2f4	#1a1a1a	#272727	#202020
aizen-light	true	#1c64f2	#3e9e28	#4a4d66	#f0f2f6	#1c64f2	#adb2bc	#adb2bc	#d00c36	#dd8c1a	#8636ec	#f0f2f6	#e1e3e7	#e8eaee
alabaster	true	#325cc0	#448c27	#000000	#f7f7f7	#325cc0	#777777	#777777	#aa3731	#cb9000	#7a3e9d	#f7f7f7	#e8e8e8	#efefef
alien-blood	false	#2f6a7f	#2f7e25	#637d75	#0f1610	#2f6a7f	#3c4812	#3c4812	#7f2b27	#717f24	#47587f	#0f1610	#1d231e	#161c17
andromeda	false	#2472c8	#05bc79	#e5e5e5	#262a33	#2472c8	#666666	#666666	#cd3131	#e5e512	#bc3fbc	#262a33	#33363f	#2c3039
apple-classic	false	#1c3fe1	#00c200	#d5a200	#2c2b2b	#1c3fe1	#686868	#686868	#c91b00	#c7c400	#ca30c7	#2c2b2b	#383737	#323131
apple-system-colors	false	#0869cb	#26a439	#ffffff	#1e1e1e	#0869cb	#464646	#464646	#cc372e	#cdac08	#9647bf	#1e1e1e	#2b2b2b	#242424
apple-system-colors-light	true	#0869cb	#26a439	#000000	#feffff	#0869cb	#464646	#464646	#cc372e	#cdac08	#9647bf	#feffff	#eeefef	#f6f7f7
arcoiris	false	#518bfc	#12c258	#eee4d9	#201f1e	#518bfc	#777777	#777777	#da2700	#ffc656	#e37bd9	#201f1e	#2d2c2b	#262524
ardoise	false	#2465c2	#588b35	#eaeaea	#1e1e1e	#2465c2	#535353	#535353	#d3322d	#fca93a	#7332b4	#1e1e1e	#2b2b2b	#242424
argonaut	false	#008df8	#8ce10b	#fffaf4	#0e1019	#008df8	#444444	#444444	#ff000f	#ffb900	#6d43a6	#0e1019	#1c1e26	#15171f
arthur	false	#6495ed	#86af80	#ddeedd	#1c1c1c	#6495ed	#554444	#554444	#cd5c5c	#e8ae5b	#deb887	#1c1c1c	#292929	#222222
atelier-sulphurpool	false	#3d8fd1	#ac9739	#979db4	#202746	#3d8fd1	#6b7394	#6b7394	#c94922	#c08b30	#6679cc	#202746	#2d3351	#262d4b
atom	false	#85befd	#87c38a	#c5c8c6	#161719	#85befd	#4c4c4c	#4c4c4c	#fd5ff1	#ffd7b1	#b9b6fc	#161719	#232426	#1c1d1f
atom-one-dark	false	#61afef	#98c379	#abb2bf	#21252b	#61afef	#767676	#767676	#e06c75	#e5c07b	#c678dd	#21252b	#2e3237	#272b31
atom-one-light	true	#2f5af3	#3f953a	#2a2c33	#f9f9f9	#2f5af3	#000000	#000000	#de3e35	#d2b67c	#950095	#f9f9f9	#eaeaea	#f1f1f1
aura	false	#a277ff	#61ffca	#edecee	#15141b	#a277ff	#4d4d4d	#4d4d4d	#ff6767	#ffca85	#a277ff	#15141b	#232228	#1c1b21
aurora	false	#102ee4	#8fd46d	#ffca28	#23262e	#102ee4	#4f545e	#4f545e	#f0266f	#ffe66d	#ee5d43	#23262e	#30333a	#292c34
ayu	false	#53bdfa	#7fd962	#bfbdb6	#0b0e14	#53bdfa	#686868	#686868	#ea6c73	#f9af4f	#cda1fa	#0b0e14	#191c22	#12151b
ayu-light	true	#3199e1	#6cbf43	#5c6166	#f8f9fa	#3199e1	#686868	#686868	#ea6c6d	#eca944	#9e75c7	#f8f9fa	#e9eaeb	#f0f1f2
ayu-mirage	false	#6dcbfa	#87d96c	#cccac2	#1f2430	#6dcbfa	#686868	#686868	#ed8274	#facc6e	#dabafa	#1f2430	#2c313c	#252a36
banana-blueberry	false	#22e8df	#00bd9c	#cccccc	#191323	#22e8df	#495162	#495162	#ff6b7f	#e6c62f	#dc396a	#191323	#262130	#1f1a29
batman	false	#737174	#c8be46	#6f6f6f	#1b1d1e	#737174	#505354	#505354	#e6dc44	#f4fd22	#747271	#1b1d1e	#282a2b	#212324
belafonte-day	true	#426a79	#858162	#45373c	#d5ccba	#426a79	#5e5252	#5e5252	#be100e	#d08b30	#97522c	#d5ccba	#c8bfae	#cec5b4
belafonte-night	false	#426a79	#858162	#968c83	#20111b	#426a79	#5e5252	#5e5252	#be100e	#eaa549	#97522c	#20111b	#2d1f28	#261821
birds-of-paradise	false	#5a86ad	#6ba18a	#e0dbb7	#2a1f1d	#5a86ad	#9b6c4a	#9b6c4a	#be2d26	#e99d2a	#ac80a6	#2a1f1d	#362c2a	#302523
black-metal	false	#888888	#dd9999	#c1c1c1	#000000	#888888	#404040	#404040	#486e6f	#a06666	#999999	#000000	#0f0f0f	#070707
black-metal-(bathory)	false	#888888	#fbcb97	#c1c1c1	#000000	#888888	#404040	#404040	#5f8787	#e78a53	#999999	#000000	#0f0f0f	#070707
black-metal-(burzum)	false	#888888	#ddeecc	#c1c1c1	#000000	#888888	#404040	#404040	#5f8787	#99bbaa	#999999	#000000	#0f0f0f	#070707
black-metal-(dark-funeral)	false	#888888	#d0dfee	#c1c1c1	#000000	#888888	#404040	#404040	#5f8787	#5f81a5	#999999	#000000	#0f0f0f	#070707
black-metal-(gorgoroth)	false	#888888	#9b8d7f	#c1c1c1	#000000	#888888	#404040	#404040	#5f8787	#8c7f70	#999999	#000000	#0f0f0f	#070707
black-metal-(immortal)	false	#888888	#7799bb	#c1c1c1	#000000	#888888	#404040	#404040	#5f8787	#556677	#999999	#000000	#0f0f0f	#070707
black-metal-(khold)	false	#888888	#eceee3	#c1c1c1	#000000	#888888	#404040	#404040	#5f8787	#974b46	#999999	#000000	#0f0f0f	#070707
black-metal-(marduk)	false	#888888	#a5aaa7	#c1c1c1	#000000	#888888	#404040	#404040	#5f8787	#626b67	#999999	#000000	#0f0f0f	#070707
black-metal-(mayhem)	false	#888888	#f3ecd4	#c1c1c1	#000000	#888888	#404040	#404040	#5f8787	#eecc6c	#999999	#000000	#0f0f0f	#070707
black-metal-(nile)	false	#888888	#aa9988	#c1c1c1	#000000	#888888	#404040	#404040	#5f8787	#777755	#999999	#000000	#0f0f0f	#070707
black-metal-(venom)	false	#888888	#f8f7f2	#c1c1c1	#000000	#888888	#404040	#404040	#5f8787	#79241f	#999999	#000000	#0f0f0f	#070707
blazer	false	#7a7ab8	#7ab87a	#d9e6f2	#0d1926	#7a7ab8	#4c4c4c	#4c4c4c	#b87a7a	#b8b87a	#b87ab8	#0d1926	#1b2633	#141f2c
blue-berry-pie	false	#90a5bd	#5cb1b3	#babab9	#1c0c28	#90a5bd	#463c5d	#463c5d	#99246e	#eab9a8	#9d54a7	#1c0c28	#291a34	#22132e
blue-dolphin	false	#82aaff	#b4e88d	#c5f2ff	#006984	#82aaff	#9094a4	#9094a4	#ff8288	#f4d69f	#e9c1ff	#006984	#0f728b	#076d87
blue-matrix	false	#00b0ff	#00ff9c	#00a2ff	#101116	#00b0ff	#686868	#686868	#ff5680	#fffc58	#d57bff	#101116	#1e1f23	#17181c
bluloco-dark	false	#3476ff	#25a45c	#b9c0cb	#282c34	#3476ff	#8f9aae	#8f9aae	#fc2f52	#ff936a	#7a82da	#282c34	#343840	#2e323a
bluloco-light	true	#275fe4	#23974a	#373a41	#f9f9f9	#275fe4	#676a77	#676a77	#d52753	#df631c	#823ff1	#f9f9f9	#eaeaea	#f1f1f1
borland	false	#96cbfe	#a8ff60	#ffff4e	#0000a4	#96cbfe	#7c7c7c	#7c7c7c	#ff6c60	#ffffb6	#ff73fd	#0000a4	#0f0fa9	#0707a6
box	false	#0d73cc	#19cb00	#9fef00	#141d2b	#0d73cc	#767676	#767676	#cc0403	#cecb00	#cb1ed1	#141d2b	#222a37	#1b2331
branch	false	#3b8e8c	#96a65e	#cfc1a9	#32221a	#3b8e8c	#564a45	#564a45	#c2562d	#d29b5a	#c47e5b	#32221a	#3e2f27	#382820
breadog	true	#005cb4	#007232	#362c24	#f1ebe6	#005cb4	#514337	#514337	#b10b00	#8b4c00	#9b0097	#f1ebe6	#e2dcd8	#e9e3df
breeze	false	#1d99f3	#11d116	#eff0f1	#31363b	#1d99f3	#7f8c8d	#7f8c8d	#ed1515	#f67400	#9b59b6	#31363b	#3d4246	#373c40
bright-lights	false	#76d4ff	#b7e876	#b3c9d7	#191919	#76d4ff	#4c4c4c	#4c4c4c	#ff355b	#ffc251	#ba76e7	#191919	#262626	#1f1f1f
broadcast	false	#6d9cbe	#519f50	#e6e1dc	#2b2b2b	#6d9cbe	#585858	#585858	#da4939	#ffd24a	#d0d0ff	#2b2b2b	#373737	#313131
brogrammer	false	#2a84d2	#2dc55e	#d6dbe5	#131313	#2a84d2	#434547	#d6dbe5	#f81118	#ecba0f	#4e5ab7	#131313	#212121	#1a1a1a
builtin-dark	false	#0d0dc8	#00bb00	#bbbbbb	#000000	#0d0dc8	#555555	#555555	#bb0000	#bbbb00	#bb00bb	#000000	#0f0f0f	#070707
builtin-light	true	#0000bb	#00bb00	#000000	#ffffff	#0000bb	#555555	#555555	#bb0000	#bbbb00	#bb00bb	#ffffff	#efefef	#f7f7f7
builtin-pastel-dark	false	#96cbfe	#a8ff60	#bbbbbb	#000000	#96cbfe	#7c7c7c	#7c7c7c	#ff6c60	#ffffb6	#ff73fd	#000000	#0f0f0f	#070707
builtin-tango-dark	false	#3465a4	#4e9a06	#ffffff	#000000	#3465a4	#555753	#555753	#cc0000	#c4a000	#75507b	#000000	#0f0f0f	#070707
builtin-tango-light	true	#3465a4	#4e9a06	#000000	#ffffff	#3465a4	#555753	#555753	#cc0000	#c4a000	#75507b	#ffffff	#efefef	#f7f7f7
c64	false	#6657b3	#55a049	#7869c4	#40318d	#6657b3	#000000	#000000	#a2524c	#bfce72	#984ca3	#40318d	#4b3d93	#453790
calamity	false	#3b79c7	#a5f69c	#d5ced9	#2f2833	#3b79c7	#7e6c88	#7e6c88	#fc644d	#e9d7a5	#f92672	#2f2833	#3b343f	#352e39
carbonfox	false	#78a9ff	#25be6a	#f2f4f8	#161616	#78a9ff	#484848	#484848	#ee5396	#08bdba	#be95ff	#161616	#232323	#1c1c1c
catppuccin-frappe	false	#8caaee	#a6d189	#c6d0f5	#303446	#8caaee	#626880	#626880	#e78284	#e5c890	#f4b8e4	#303446	#3c4051	#363a4b
catppuccin-latte	true	#1e66f5	#40a02b	#4c4f69	#eff1f5	#1e66f5	#6c6f85	#6c6f85	#d20f39	#df8e1d	#ea76cb	#eff1f5	#e0e2e6	#e7e9ed
catppuccin-macchiato	false	#8aadf4	#a6da95	#cad3f5	#24273a	#8aadf4	#5b6078	#5b6078	#ed8796	#eed49f	#f5bde6	#24273a	#313345	#2a2d3f
catppuccin-mocha	false	#89b4fa	#a6e3a1	#cdd6f4	#1e1e2e	#89b4fa	#585b70	#585b70	#f38ba8	#f9e2af	#f5c2e7	#1e1e2e	#2b2b3a	#242434
cga	false	#0d0db7	#00aa00	#aaaaaa	#000000	#0d0db7	#555555	#555555	#aa0000	#aa5500	#aa00aa	#000000	#0f0f0f	#070707
chalk	false	#2a7fac	#789b6a	#d2d8d9	#2b2d2e	#2a7fac	#888888	#888888	#b23a52	#b9ac4a	#bd4f5a	#2b2d2e	#37393a	#313334
chalkboard	false	#7372c3	#72c373	#d9e6f2	#29262f	#7372c3	#585858	#585858	#c37372	#c2c372	#c372c2	#29262f	#35333b	#2f2c35
challenger-deep	false	#65b2ff	#62d196	#cbe1e7	#1e1c31	#65b2ff	#565575	#565575	#ff5458	#ffb378	#906cff	#1e1c31	#2b293d	#242237
chester	false	#288ad6	#16c98d	#ffffff	#2c3643	#288ad6	#6f6b68	#6f6b68	#fa5e5b	#ffc83f	#d34590	#2c3643	#38424e	#323c48
ciapre	false	#576d8c	#48513b	#aea47a	#191c27	#576d8c	#555555	#555555	#8e0d16	#cc8b3f	#724d7c	#191c27	#262933	#1f222d
citruszest	false	#00bfff	#00cc7a	#bfbfbf	#121212	#00bfff	#808080	#808080	#ff5454	#ffd400	#ff90fe	#121212	#202020	#191919
clrs	true	#135cd0	#328a5d	#262626	#ffffff	#135cd0	#555753	#555753	#f8282a	#fa701d	#9f00bd	#ffffff	#efefef	#f7f7f7
cobalt-neon	false	#8ff586	#3ba5ff	#8ff586	#142838	#8ff586	#fff688	#fff688	#ff2320	#e9e75c	#781aa0	#142838	#223443	#1b2e3d
cobalt-next	false	#409dd4	#8cc98f	#d7deea	#162c35	#409dd4	#62747f	#62747f	#ff527b	#ffc64c	#cba3c7	#162c35	#233841	#1c323b
cobalt-next-dark	false	#409dd4	#8cc98f	#d7deea	#0b1c24	#409dd4	#62747f	#62747f	#f94967	#ffc64c	#cba3c7	#0b1c24	#192931	#12222a
cobalt-next-minimal	false	#409dd4	#8cc98f	#d7deea	#0b1c24	#409dd4	#62747f	#62747f	#ff657a	#ffc64c	#cba3c7	#0b1c24	#192931	#12222a
cobalt2	false	#1460d2	#38de21	#ffffff	#132738	#1460d2	#555555	#555555	#ff0000	#ffe50a	#ff005d	#132738	#213343	#1a2d3d
coffee-theme	true	#0225c7	#00c200	#000000	#f5deb3	#0225c7	#686868	#686868	#c91b00	#adaa00	#ca30c7	#f5deb3	#e6d0a8	#edd7ad
crayon-pony-fish	false	#8c87b0	#579524	#68525a	#150707	#8c87b0	#4a383b	#4a383b	#91002b	#ab311b	#692f50	#150707	#231515	#1c0e0e
cursor-dark	false	#81a1c1	#a3be8c	#ffffff	#141414	#81a1c1	#505050	#505050	#bf616a	#ebcb8b	#b48ead	#141414	#222222	#1b1b1b
cutie-pro	false	#42d9c5	#bec975	#d5d0c9	#181818	#42d9c5	#88847f	#88847f	#f56e7f	#f58669	#d286b7	#181818	#252525	#1e1e1e
cyberdyne	false	#0071cf	#00c172	#00ff92	#151144	#0071cf	#484848	#484848	#ff8373	#d2a700	#ff90fe	#151144	#231f4f	#1c1849
cyberpunk	false	#00bfff	#00fbac	#e5e5e5	#332a57	#00bfff	#595959	#595959	#ff7092	#fffa6a	#df95ff	#332a57	#3f3661	#39305c
cyberpunk-scarlet-protocol	false	#0271b6	#01dc84	#e41951	#101116	#0271b6	#686868	#686868	#ff0051	#faf945	#c930c7	#101116	#1e1f23	#17181c
dark+	false	#2472c8	#0dbc79	#cccccc	#1e1e1e	#2472c8	#666666	#666666	#cd3131	#e5e510	#bc3fbc	#1e1e1e	#2b2b2b	#242424
dark-modern	false	#0078d4	#2ea043	#cccccc	#1f1f1f	#0078d4	#5d5d5d	#5d5d5d	#f74949	#9e6a03	#d01273	#1f1f1f	#2c2c2c	#252525
dark-pastel	false	#5555ff	#55ff55	#ffffff	#000000	#5555ff	#555555	#555555	#ff5555	#ffff55	#ff55ff	#000000	#0f0f0f	#070707
darkermatrix	false	#00cb6b	#6fa64c	#35451a	#070c0e	#00cb6b	#404040	#404040	#1a4831	#595900	#4e375a	#070c0e	#151a1c	#0e1315
darkmatrix	false	#2c9a84	#6fa64c	#3e5715	#070c0e	#2c9a84	#404040	#404040	#006536	#7e8000	#523a60	#070c0e	#151a1c	#0e1315
darkside	false	#1c98e8	#68c256	#bababa	#222324	#1c98e8	#4c4c4c	#4c4c4c	#e8341c	#f2d42c	#8e69c9	#222324	#2f3031	#28292a
dawnfox	true	#286983	#618774	#575279	#faf4ed	#286983	#5f5695	#5f5695	#b4637a	#ea9d34	#907aa9	#faf4ed	#ebe5de	#f2ece5
dayfox	true	#2848a9	#396847	#3d2b5a	#f6f2ee	#2848a9	#534c45	#534c45	#a5222f	#ac5402	#6e33ce	#f6f2ee	#e7e3df	#eeeae6
deep	false	#5665ff	#1cd915	#cdcdcd	#090909	#5665ff	#535353	#535353	#d70005	#d9bd26	#b052da	#090909	#171717	#101010
desert	false	#cd853f	#98fb98	#ffffff	#333333	#cd853f	#626262	#626262	#ff2b2b	#f0e68c	#ffdead	#333333	#3f3f3f	#393939
detuned	false	#0094d9	#a6e32d	#c7c7c7	#000000	#0094d9	#686868	#686868	#fe4386	#e6da73	#9b37ff	#000000	#0f0f0f	#070707
dimidium	false	#0575d8	#60b442	#bab7b6	#141414	#0575d8	#817e7e	#817e7e	#cf494c	#db9c11	#af5ed2	#141414	#222222	#1b1b1b
dimmed-monokai	false	#4f76a1	#879a3b	#b9bcba	#1f1f1f	#4f76a1	#888987	#888987	#be3f48	#c5a635	#855c8d	#1f1f1f	#2c2c2c	#252525
django	false	#315d3f	#41a83e	#f8f8f8	#0b2f20	#315d3f	#585858	#585858	#fd6209	#ffe862	#f8f8f8	#0b2f20	#193b2d	#123526
django-reborn-again	false	#245032	#41a83e	#dadedc	#051f14	#245032	#4c4c4c	#4c4c4c	#fd6209	#ffe862	#f8f8f8	#051f14	#142c22	#0c251b
django-smooth	false	#989898	#41a83e	#f8f8f8	#245032	#989898	#727272	#727272	#fd6209	#ffe862	#f8f8f8	#245032	#315a3e	#2a5538
doom-one	false	#a9a1e1	#98be65	#bbc2cf	#282c34	#a9a1e1	#595959	#595959	#ff6c6b	#ecbe7b	#c678dd	#282c34	#343840	#2e323a
doom-peacock	false	#2a6cc6	#26a6a6	#ede0ce	#2b2a27	#2a6cc6	#51504d	#51504d	#cb4b16	#bcd42a	#a9a1e1	#2b2a27	#373633	#31302d
dot-gov	false	#17b2e0	#3d9751	#ebebeb	#262c35	#17b2e0	#595959	#595959	#bf091d	#f6bb34	#7830b0	#262c35	#333841	#2c323b
dracula	false	#bd93f9	#50fa7b	#f8f8f2	#282a36	#bd93f9	#6272a4	#6272a4	#ff5555	#f1fa8c	#ff79c6	#282a36	#343642	#2e303c
dracula+	false	#82aaff	#50fa7b	#f8f8f2	#212121	#82aaff	#545454	#545454	#ff5555	#ffcb6b	#c792ea	#212121	#2e2e2e	#272727
duckbones	false	#00a3cb	#5dcd97	#ebefc0	#0e101a	#00a3cb	#444860	#444860	#e03600	#e39500	#795ccc	#0e101a	#1c1e27	#151720
duotone-dark	false	#ffc284	#2dcd73	#b7a1ff	#1f1d27	#ffc284	#4e4a60	#4e4a60	#d9393e	#d9b76e	#de8d40	#1f1d27	#2c2a33	#25232d
duskfox	false	#569fba	#a3be8c	#e0def4	#232136	#569fba	#544d8a	#544d8a	#eb6f92	#f6c177	#c4a7e7	#232136	#302e42	#29273c
earthsong	false	#1398b9	#85c54c	#e5c7a9	#292520	#1398b9	#675f54	#675f54	#c94234	#f5ae2e	#d0633d	#292520	#35322d	#2f2b26
electron-highlighter	false	#77abff	#00ffc3	#a5b6d4	#23283d	#77abff	#4a6789	#4a6789	#ff6c8d	#ffd7a9	#daa4f4	#23283d	#303448	#292e42
elegant	false	#8dabe1	#85cc95	#ced2d6	#292b31	#8dabe1	#575656	#575656	#ff0257	#ffcb8b	#c792eb	#292b31	#35373d	#2f3137
elemental	false	#497f7d	#479a43	#807a74	#22211d	#497f7d	#555445	#555445	#98290f	#7f7111	#7f4e2f	#22211d	#2f2e2a	#282723
elementary	false	#134899	#5aa513	#efefef	#181818	#134899	#4b4b4b	#4b4b4b	#d71c15	#fdb40c	#e40038	#181818	#252525	#1e1e1e
embark	false	#57c7ff	#a1efd3	#eeffff	#1e1c31	#57c7ff	#585273	#585273	#f0719b	#ffe9aa	#c792ea	#1e1c31	#2b293d	#242237
embers-dark	false	#6d5782	#57826d	#a39a90	#16130f	#6d5782	#5a5047	#5a5047	#826d57	#6d8257	#82576d	#16130f	#23211d	#1c1a16
encom	false	#0081ff	#008b00	#00a595	#000000	#0081ff	#555555	#555555	#9f0000	#ffd000	#bc00ca	#000000	#0f0f0f	#070707
espresso	false	#6c99bb	#a5c261	#ffffff	#323232	#6c99bb	#606060	#606060	#d25252	#ffc66d	#d197d9	#323232	#3e3e3e	#383838
espresso-libre	false	#0066ff	#1a921c	#b8a898	#2a211c	#0066ff	#555753	#555753	#cc0000	#f0e53a	#c5656b	#2a211c	#362e29	#302722
everblush	false	#67b0e8	#8ccf7e	#dadada	#141b1e	#67b0e8	#464e50	#464e50	#e57474	#e5c76b	#c47fd5	#141b1e	#22282b	#1b2124
everforest-dark-hard	false	#7fbbb3	#a7c080	#d3c6aa	#1e2326	#7fbbb3	#a6b0a0	#a6b0a0	#e67e80	#dbbc7f	#d699b6	#1e2326	#2b3033	#24292c
everforest-light-med	true	#7fbbb3	#9ab373	#5c6a72	#efebd4	#7fbbb3	#a6b0a0	#a6b0a0	#e67e80	#c1a266	#d699b6	#efebd4	#e0dcc7	#e7e3cd
fahrenheit	false	#7f0e0f	#9e744d	#ffffce	#000000	#7f0e0f	#404040	#404040	#cda074	#fecf75	#734c4d	#000000	#0f0f0f	#070707
fairyfloss	false	#c2ffdf	#c2ffdf	#f8f8f2	#5a5475	#c2ffdf	#6090cb	#6090cb	#f92672	#e6c000	#ffb8d1	#5a5475	#635e7d	#5e5979
farmhouse-dark	false	#0049e6	#549d00	#e8e4e1	#1d2027	#0049e6	#464d54	#464d54	#ba0004	#c87300	#9f1b61	#1d2027	#2a2d33	#23262d
farmhouse-light	true	#092ccd	#3a7d00	#1d2027	#e8e4e1	#092ccd	#394047	#394047	#8d0003	#a95600	#820046	#e8e4e1	#dad6d3	#e1ddda
fideloper	false	#2e78c2	#edb8ac	#dbdae0	#292f33	#2e78c2	#496068	#496068	#cb1e2d	#b7ab9b	#c0236f	#292f33	#353b3f	#2f3539
firefly-traditional	false	#5a63ff	#33bc26	#f5f5f5	#000000	#5a63ff	#828282	#828282	#c23720	#afad24	#d53ad2	#000000	#0f0f0f	#070707
firefox-dev	false	#359ddf	#5eb83c	#7c8fa4	#0e1011	#359ddf	#26444d	#26444d	#e63853	#a57706	#d75cff	#0e1011	#1c1e1f	#151718
firewatch	false	#4d89c4	#5ab977	#9ba2b2	#1e2027	#4d89c4	#585f6d	#585f6d	#d95360	#dfb563	#d55119	#1e2027	#2b2d33	#24262d
fish-tank	false	#525fb8	#acf157	#ecf0fe	#232537	#525fb8	#6c5b30	#6c5b30	#c6004a	#fecd5e	#986f82	#232537	#303243	#292b3d
flat	false	#3167ac	#32a548	#2cc55d	#002240	#3167ac	#475262	#475262	#a82320	#e58d11	#781aa0	#002240	#0f2f4b	#072845
flatland	false	#5096be	#9fd364	#b8dbef	#1d1f21	#5096be	#50504c	#50504c	#f18339	#f4ef6d	#695abc	#1d1f21	#2a2c2e	#232527
flexoki-dark	false	#4385be	#879a39	#cecdc3	#100f0f	#4385be	#575653	#575653	#d14d41	#d0a215	#ce5d97	#100f0f	#1e1d1d	#171616
flexoki-light	true	#205ea6	#66800b	#100f0f	#fffcf0	#205ea6	#b7b5ac	#b7b5ac	#af3029	#ad8301	#a02f6f	#fffcf0	#efece1	#f7f4e8
floraverse	false	#1d6da1	#5d731a	#dbd1b9	#0e0d15	#1d6da1	#4c3866	#4c3866	#7e1a46	#cd751c	#b7077e	#0e0d15	#1c1b23	#15141c
forest-blue	false	#8ed0ce	#92d3a2	#e2d8cd	#051519	#8ed0ce	#4a4a4a	#4a4a4a	#f8818e	#1a8e63	#5e468c	#051519	#142326	#0c1c1f
framer	false	#00aaff	#98ec65	#777777	#111111	#00aaff	#414141	#414141	#ff5555	#ffcc33	#aa88ff	#111111	#1f1f1f	#181818
front-end-delight	false	#2c70b7	#565747	#adadad	#1b1c1d	#2c70b7	#5fac6d	#5fac6d	#f8511b	#fa771d	#f02e4f	#1b1c1d	#28292a	#212223
fun-forrest	false	#4699a3	#919c00	#dec165	#251200	#4699a3	#7f6a55	#7f6a55	#d6262b	#be8a13	#8d4331	#251200	#32200f	#2b1907
galaxy	false	#589df6	#21b089	#ffffff	#1d2837	#589df6	#555555	#555555	#f9555f	#fef02a	#944d95	#1d2837	#2a3443	#232e3d
galizur	false	#2255cc	#33aa11	#ddeeff	#071317	#2255cc	#556677	#556677	#aa1122	#ccaa22	#7755aa	#071317	#152124	#0e1a1d
ghostty-default-style-dark	false	#82a2be	#b6bd68	#ffffff	#282c34	#82a2be	#666666	#666666	#cc6566	#f0c674	#b294bb	#282c34	#343840	#2e323a
github	true	#003e8a	#07962a	#3e3e3e	#f4f4f4	#003e8a	#666666	#666666	#970b16	#c5bb94	#e94691	#f4f4f4	#e5e5e5	#ececec
github-dark	false	#6ca4f8	#56d364	#8b949e	#101216	#6ca4f8	#4d4d4d	#4d4d4d	#f78166	#e3b341	#db61a2	#101216	#1e2023	#17191c
github-dark-colorblind	false	#58a6ff	#58a6ff	#c9d1d9	#0d1117	#58a6ff	#6e7681	#6e7681	#ec8e2c	#d29922	#bc8cff	#0d1117	#1b1f24	#14181d
github-dark-default	false	#58a6ff	#3fb950	#e6edf3	#0d1117	#58a6ff	#6e7681	#6e7681	#ff7b72	#d29922	#bc8cff	#0d1117	#1b1f24	#14181d
github-dark-dimmed	false	#539bf5	#57ab5a	#adbac7	#22272e	#539bf5	#636e7b	#636e7b	#f47067	#c69026	#b083f0	#22272e	#2f333a	#282d34
github-dark-high-contrast	false	#71b7ff	#26cd4d	#f0f3f6	#0a0c10	#71b7ff	#9ea7b3	#9ea7b3	#ff9492	#f0b72f	#cb9eff	#0a0c10	#181a1e	#111317
github-light-colorblind	true	#0969da	#0550ae	#24292f	#ffffff	#0969da	#57606a	#57606a	#b35900	#4d2d00	#8250df	#ffffff	#efefef	#f7f7f7
github-light-default	true	#0969da	#116329	#1f2328	#ffffff	#0969da	#57606a	#57606a	#cf222e	#4d2d00	#8250df	#ffffff	#efefef	#f7f7f7
github-light-high-contrast	true	#0349b4	#024c1a	#0e1116	#ffffff	#0349b4	#4b535d	#4b535d	#a0111f	#3f2200	#622cbc	#ffffff	#efefef	#f7f7f7
gitlab-dark	false	#7fb6ed	#52b87a	#ffffff	#28262b	#7fb6ed	#666666	#666666	#f57f6c	#d99530	#f88aaf	#28262b	#343337	#2e2c31
gitlab-dark-grey	false	#7fb6ed	#52b87a	#ffffff	#222222	#7fb6ed	#666666	#666666	#f57f6c	#d99530	#f88aaf	#222222	#2f2f2f	#282828
gitlab-light	true	#006cd8	#0a7f3d	#303030	#fafaff	#006cd8	#c7c7cb	#303030	#a31700	#af551d	#583cac	#fafaff	#ebebef	#f2f2f7
glacier	false	#1f5872	#35a770	#ffffff	#0c1115	#1f5872	#404a55	#404a55	#bd0f2f	#fb9435	#bd2523	#0c1115	#1a1f23	#13181c
grape	false	#487df4	#1fa91b	#9f9fa1	#171423	#487df4	#59516a	#59516a	#ed2261	#8ddc20	#8d35c9	#171423	#242230	#1d1b29
grass	false	#0000a3	#00bb00	#fff0a5	#13773d	#0000a3	#959595	#959595	#ff5959	#e7b000	#ee59bb	#13773d	#217f48	#1a7b42
grey-green	false	#00deff	#74ff00	#ffffff	#002a1a	#00deff	#666666	#666666	#fe1414	#f1ff01	#ff00f0	#002a1a	#0f3627	#073020
gruber-darker	false	#92a7cb	#42dc00	#e4e4e4	#181818	#92a7cb	#54494e	#54494e	#ff0a36	#ffdb00	#a095cb	#181818	#252525	#1e1e1e
gruvbox-dark	false	#458588	#98971a	#ebdbb2	#282828	#458588	#928374	#928374	#cc241d	#d79921	#b16286	#282828	#343434	#2e2e2e
gruvbox-dark-hard	false	#458588	#98971a	#ebdbb2	#1d2021	#458588	#928374	#928374	#cc241d	#d79921	#b16286	#1d2021	#2a2d2e	#232627
gruvbox-light	true	#458588	#98971a	#3c3836	#fbf1c7	#458588	#928374	#928374	#cc241d	#d79921	#b16286	#fbf1c7	#ebe2bb	#f3e9c1
gruvbox-light-hard	true	#458588	#98971a	#3c3836	#f9f5d7	#458588	#928374	#928374	#cc241d	#d79921	#b16286	#f9f5d7	#eae6ca	#f1edd0
gruvbox-material	false	#6da3ec	#c1d041	#d4be98	#1d2021	#6da3ec	#4c4c4c	#4c4c4c	#ea6926	#eecf75	#fd9bc1	#1d2021	#2a2d2e	#232627
gruvbox-material-dark	false	#7daea3	#a9b665	#d4be98	#282828	#7daea3	#7c6f64	#7c6f64	#ea6962	#d8a657	#d3869b	#282828	#343434	#2e2e2e
gruvbox-material-light	true	#45707a	#6c782e	#654735	#fbf1c7	#45707a	#a89984	#a89984	#c14a4a	#b47109	#945e80	#fbf1c7	#ebe2bb	#f3e9c1
guezwhoz	false	#5aa0d6	#7ad694	#d9d9d9	#1d1d1d	#5aa0d6	#808080	#808080	#e85181	#b7d074	#9a90e0	#1d1d1d	#2a2a2a	#232323
hacktober	false	#206ec5	#587744	#c9c9c9	#141414	#206ec5	#464444	#464444	#b34538	#d08949	#864651	#141414	#222222	#1b1b1b
hardcore	false	#66d9ef	#a6e22e	#a0a0a0	#121212	#66d9ef	#505354	#505354	#f92672	#fd971f	#9e6ffe	#121212	#202020	#191919
harper	false	#489e48	#7fb5e1	#a8a49d	#010101	#489e48	#726e6a	#726e6a	#f8b63f	#d6da25	#b296c6	#010101	#101010	#080808
havn-daggry	true	#3a577d	#577159	#3b4a7a	#f8f9fb	#3a577d	#1f2842	#1f2842	#985248	#be6b00	#7c5c97	#f8f9fb	#e9eaeb	#f0f1f3
havn-skumring	false	#596cf7	#6ead7b	#d6dbeb	#111522	#596cf7	#38425c	#38425c	#ea563e	#f8b330	#7c719e	#111522	#1f232f	#181c28
hax0r-blue	false	#10b6ff	#10b6ff	#11b7ff	#010515	#10b6ff	#484157	#484157	#10b6ff	#10b6ff	#10b6ff	#010515	#101423	#080c1c
hax0r-gr33n	false	#15d00d	#15d00d	#16b10e	#020f01	#15d00d	#334843	#334843	#15d00d	#15d00d	#15d00d	#020f01	#111d10	#091608
hax0r-r3d	false	#b00d0d	#b00d0d	#b10e0e	#200101	#b00d0d	#554040	#554040	#b00d0d	#b00d0d	#b00d0d	#200101	#2d1010	#260808
heeler	false	#5ba5f2	#bdd100	#fdfdfd	#211f46	#5ba5f2	#4c4c4c	#4c4c4c	#e44c2e	#f4ce65	#ff95c2	#211f46	#2e2c51	#27254b
highway	false	#006bb3	#138034	#ededed	#222225	#006bb3	#5d504a	#5d504a	#d00e18	#ffcb3e	#783482	#222225	#2f2f32	#28282b
hipster-green	false	#246eb2	#00a600	#84c138	#100b05	#246eb2	#666666	#666666	#b6214a	#bfbf00	#b200b2	#100b05	#1e1914	#17120c
hivacruz	false	#3d8fd1	#ac9739	#ede4e4	#132638	#3d8fd1	#6b7394	#6b7394	#c94922	#c08b30	#6679cc	#132638	#213343	#1a2c3d
homebrew	false	#0d0dbf	#00a600	#00ff00	#000000	#0d0dbf	#666666	#666666	#990000	#999900	#b200b2	#000000	#0f0f0f	#070707
hopscotch	false	#1290bf	#8fc13e	#b9b5b8	#322931	#1290bf	#797379	#797379	#dd464c	#fdcc59	#c85e7c	#322931	#3e353d	#382f37
horizon	false	#26bbd9	#29d398	#d5d8da	#1c1e26	#26bbd9	#666666	#666666	#e95678	#fab795	#ee64ac	#1c1e26	#292b33	#22242c
horizon-bright	true	#00bedd	#00ca86	#16161d	#fdf0ed	#00bedd	#1a1c24	#1a1c24	#fc4777	#f2a682	#ff58b1	#fdf0ed	#ede1de	#f5e8e5
hot-dog-stand	false	#000000	#ffff54	#ffffff	#ea3323	#000000	#000000	#000000	#ffff54	#ffff54	#ffff54	#ea3323	#eb3f30	#ea3929
hot-dog-stand-(mustard)	true	#000000	#ea3323	#000000	#ffff54	#000000	#bfbf3f	#000000	#ea3323	#ea3323	#ea3323	#ffff54	#efef4e	#f7f751
hurtado	false	#496487	#a5e055	#dbdbdb	#000000	#496487	#404040	#404040	#ff1b00	#fbe74a	#fd5ff1	#000000	#0f0f0f	#070707
hybrid	false	#6e90b0	#b3bf5a	#b7bcba	#161719	#6e90b0	#434548	#434548	#b84d51	#e4b55e	#a17eac	#161719	#232426	#1c1d1f
ibm-5153-cga	false	#1b1bd0	#1bd01b	#cecece	#141414	#1b1bd0	#4e4e4e	#4e4e4e	#d03333	#d08c1b	#d01bd0	#141414	#222222	#1b1b1b
ibm-5153-cga-(black)	false	#0000c4	#00c400	#c4c4c4	#000000	#0000c4	#4e4e4e	#4e4e4e	#c40000	#c47e00	#c400c4	#000000	#0f0f0f	#070707
ic-green-ppl	false	#2ec3b9	#41a638	#e0f1dc	#2c2c2c	#2ec3b9	#106910	#106910	#ff2736	#76a831	#50a096	#2c2c2c	#383838	#323232
ic-orange-ppl	false	#bd6d00	#a4a900	#ffcb83	#262626	#bd6d00	#6a4f2a	#6a4f2a	#c13900	#caaf00	#fc5e00	#262626	#333333	#2c2c2c
iceberg-dark	false	#84a0c6	#b4be82	#c6c8d1	#161821	#84a0c6	#6b7089	#6b7089	#e27878	#e2a478	#a093c7	#161821	#23252e	#1c1e27
iceberg-light	true	#2d539e	#668e3d	#33374c	#e8e9ec	#2d539e	#8389a3	#8389a3	#cc517a	#c57339	#7759b4	#e8e9ec	#dadbdd	#e1e2e4
idea	false	#437ee7	#98b61c	#adadad	#202020	#437ee7	#ffffff	#ffffff	#fc5256	#ccb444	#9d74b0	#202020	#2d2d2d	#262626
idle-toes	false	#4099ff	#7fe173	#ffffff	#323232	#4099ff	#606060	#606060	#d25252	#ffc66d	#f680ff	#323232	#3e3e3e	#383838
ir-black	false	#96cafe	#a8ff60	#f1f1f1	#000000	#96cafe	#7b7b7b	#7b7b7b	#fa6c60	#fffeb7	#fa73fd	#000000	#0f0f0f	#070707
irix-console	false	#0739e2	#37a327	#f2f2f2	#0c0c0c	#0739e2	#767676	#767676	#d42426	#c29d28	#911f9c	#0c0c0c	#1a1a1a	#131313
irix-terminal	false	#0004ff	#57ff3d	#f2f2f2	#000043	#0004ff	#ffff44	#ffff44	#ff2b1e	#ffff44	#ff2cff	#000043	#0f0f4e	#070748
iterm2-dark-background	false	#0225c7	#00c200	#c7c7c7	#000000	#0225c7	#686868	#686868	#c91b00	#c7c400	#ca30c7	#000000	#0f0f0f	#070707
iterm2-default	false	#2225c4	#00c200	#ffffff	#000000	#2225c4	#686868	#686868	#c91b00	#c7c400	#ca30c7	#000000	#0f0f0f	#070707
iterm2-light-background	true	#0225c7	#00c200	#000000	#ffffff	#0225c7	#686868	#686868	#c91b00	#c7c400	#ca30c7	#ffffff	#efefef	#f7f7f7
iterm2-pastel-dark-background	false	#a5d5fe	#b4fb73	#c7c7c7	#000000	#a5d5fe	#8f8f8f	#8f8f8f	#ff8373	#fffdc3	#ff90fe	#000000	#0f0f0f	#070707
iterm2-smoooooth	false	#2744c7	#00c200	#dcdcdc	#15191f	#2744c7	#686868	#686868	#b43c2a	#c7c400	#c040be	#15191f	#23262c	#1c1f25
iterm2-solarized-dark	false	#268bd2	#859900	#839496	#002b36	#268bd2	#335e69	#335e69	#dc322f	#b58900	#d33682	#002b36	#0f3742	#07313c
iterm2-solarized-light	true	#268bd2	#859900	#657b83	#fdf6e3	#268bd2	#002b36	#002b36	#dc322f	#b58900	#d33682	#fdf6e3	#ede7d5	#f5eedc
iterm2-tango-dark	false	#427ab3	#5ea702	#ffffff	#000000	#427ab3	#686a66	#686a66	#d81e00	#cfae00	#89658e	#000000	#0f0f0f	#070707
iterm2-tango-light	true	#427ab3	#5ea702	#000000	#ffffff	#427ab3	#686a66	#686a66	#d81e00	#cfae00	#89658e	#ffffff	#efefef	#f7f7f7
jackie-brown	false	#246eb2	#2baf2b	#ffcc2f	#2c1d16	#246eb2	#666666	#666666	#ef5734	#bebf00	#d05ec1	#2c1d16	#382a23	#32231c
japanesque	false	#4c9ad4	#7bb75b	#f7f6ec	#1e1e1e	#4c9ad4	#595b59	#595b59	#cf3f61	#e9b32a	#a57fc4	#1e1e1e	#2b2b2b	#242424
jellybeans	false	#97bedc	#94b979	#dedede	#121212	#97bedc	#bdbdbd	#bdbdbd	#e27373	#ffba7b	#e1c0fa	#121212	#202020	#191919
jetbrains-darcula	false	#4581eb	#126e00	#adadad	#202020	#4581eb	#555555	#555555	#fa5355	#c2c300	#fa54ff	#202020	#2d2d2d	#262626
jubi	false	#576ea6	#90a94b	#c3d3de	#262b33	#576ea6	#a874ce	#a874ce	#cf7b98	#6ebfc0	#bc4f68	#262b33	#33373f	#2c3139
kanagawa-dragon	false	#8ba4b0	#8a9a7b	#c5c9c5	#181616	#8ba4b0	#a6a69c	#a6a69c	#c4746e	#c4b28a	#a292a3	#181616	#252323	#1e1c1c
kanagawa-lotus	true	#4d699b	#6f894e	#545464	#f2ecbc	#4d699b	#8a8980	#8a8980	#c84053	#77713f	#b35b79	#f2ecbc	#e3ddb0	#eae4b6
kanagawa-wave	false	#7e9cd8	#76946a	#dcd7ba	#1f1f28	#7e9cd8	#727169	#727169	#c34043	#c0a36e	#957fb8	#1f1f28	#2c2c34	#25252e
kanagawabones	false	#7eb3c9	#98bc6d	#ddd8bb	#1f1f28	#7eb3c9	#49495e	#49495e	#e46a78	#e5c283	#957fb8	#1f1f28	#2c2c34	#25252e
kanso-ink	false	#8ba4b0	#8a9a7b	#c5c9c7	#14171d	#8ba4b0	#a4a7a4	#a4a7a4	#c4746e	#c4b28a	#a292a3	#14171d	#22242a	#1b1d23
kanso-mist	false	#8ba4b0	#8a9a7b	#c5c9c7	#22262d	#8ba4b0	#5c6066	#5c6066	#c4746e	#c4b28a	#a292a3	#22262d	#2f3339	#282c33
kanso-pearl	true	#4d699b	#6f894e	#22262d	#f2f1ef	#4d699b	#6d6f6e	#6d6f6e	#c84053	#77713f	#b35b79	#f2f1ef	#e3e2e0	#eae9e7
kanso-zen	false	#8ba4b0	#8a9a7b	#c5c9c7	#090e13	#8ba4b0	#a4a7a4	#a4a7a4	#c4746e	#c4b28a	#a292a3	#090e13	#171c21	#10151a
kibble	false	#3449d1	#29cf13	#f7f7f7	#0e100a	#3449d1	#5a5a5a	#5a5a5a	#c70031	#d8e30e	#8400ff	#0e100a	#1c1e18	#151711
kitty-default	false	#0d73cc	#19cb00	#dddddd	#000000	#0d73cc	#767676	#767676	#cc0403	#cecb00	#cb1ed1	#000000	#0f0f0f	#070707
kitty-low-contrast	false	#0d73cc	#19cb00	#ffffff	#333333	#0d73cc	#767676	#767676	#cc0403	#cecb00	#cb1ed1	#333333	#3f3f3f	#393939
kolorit	false	#5db4ee	#47d7a1	#efecec	#1d1a1e	#5db4ee	#504d51	#504d51	#ff5b82	#e8e562	#da6cda	#1d1a1e	#2a272b	#232024
konsolas	false	#2323a5	#18b218	#c8c1c1	#060606	#2323a5	#7b716e	#7b716e	#aa1717	#ebae1f	#ad1edc	#060606	#141414	#0d0d0d
kurokula	false	#5c91dd	#78b3a9	#e0cfc2	#141515	#5c91dd	#515151	#515151	#c35a52	#e1b917	#8b79a6	#141515	#222323	#1b1c1c
lab-fox	false	#db3b21	#3eb383	#ffffff	#2e2e2e	#db3b21	#535353	#535353	#fc6d26	#fca121	#6b40a8	#2e2e2e	#3a3a3a	#343434
laser	false	#fed300	#b4fb73	#f106e3	#030d18	#fed300	#8f8f8f	#8f8f8f	#ff8373	#09b4bd	#ff90fe	#030d18	#121b25	#0a141e
later-this-evening	false	#a0bad6	#afba67	#959595	#222222	#a0bad6	#525454	#525454	#d45a60	#e5d289	#c092d6	#222222	#2f2f2f	#282828
lavandula	false	#4f4a7f	#337e6f	#736e7d	#050014	#4f4a7f	#443a53	#443a53	#7d1625	#7f6f49	#5a3f7f	#050014	#140f22	#0c071b
light-owl	true	#288ed7	#08916a	#403f53	#fbfbfb	#288ed7	#989fb1	#989fb1	#de3d3b	#e0af02	#d6438a	#fbfbfb	#ebebeb	#f3f3f3
liquid-carbon	false	#0099cc	#559a70	#afc2c2	#303030	#0099cc	#595959	#595959	#ff3030	#ccac00	#cc69c8	#303030	#3c3c3c	#363636
liquid-carbon-transparent	false	#0099cc	#559a70	#afc2c2	#000000	#0099cc	#404040	#404040	#ff3030	#ccac00	#cc69c8	#000000	#0f0f0f	#070707
lovelace	false	#8897f4	#5adecd	#fdfdfd	#1d1f28	#8897f4	#4e5165	#4e5165	#f37f97	#f2a272	#c574dd	#1d1f28	#2a2c34	#23252e
man-page	true	#0000b2	#00a600	#000000	#fef49c	#0000b2	#666666	#666666	#cc0000	#999900	#b200b2	#fef49c	#eee592	#f6ec97
mariana	false	#6699cc	#99c794	#d8dee9	#343d46	#6699cc	#666666	#666666	#ec5f66	#f9ae58	#c695c6	#343d46	#404851	#3a424b
material	true	#134eb2	#457b24	#232322	#eaeaea	#134eb2	#424242	#424242	#b7141f	#f6981e	#560088	#eaeaea	#dbdbdb	#e2e2e2
material-dark	false	#134eb2	#457b24	#e5e5e5	#232322	#134eb2	#4f4f4f	#4f4f4f	#b7141f	#f6981e	#701aa2	#232322	#30302f	#292928
material-darker	false	#82aaff	#c3e88d	#eeffff	#212121	#82aaff	#545454	#545454	#ff5370	#ffcb6b	#c792ea	#212121	#2e2e2e	#272727
material-design-colors	false	#37b6ff	#5cf19e	#e7ebed	#1d262a	#37b6ff	#a1b0b8	#a1b0b8	#fc3841	#fed032	#fc226e	#1d262a	#2a3336	#232c30
material-ocean	false	#82aaff	#c3e88d	#8f93a2	#0f111a	#82aaff	#546e7a	#546e7a	#ff5370	#ffcb6b	#c792ea	#0f111a	#1d1f27	#161820
mathias	false	#c48dff	#a6e32d	#bbbbbb	#000000	#c48dff	#555555	#555555	#e52222	#fc951e	#fa2573	#000000	#0f0f0f	#070707
matrix	false	#3f5242	#82d967	#426644	#0f191c	#3f5242	#688060	#688060	#23755a	#ffd700	#409931	#0f191c	#1d2629	#161f22
matte-black	false	#e68e0d	#ffc107	#bebebe	#121212	#e68e0d	#8a8a8d	#8a8a8d	#d35f5f	#b91c1c	#d35f5f	#121212	#202020	#191919
medallion	false	#616bb0	#7c8b16	#cac296	#1d1908	#616bb0	#5e5219	#5e5219	#b64c00	#d3bd26	#8c5a90	#1d1908	#2a2616	#231f0f
melange-dark	false	#7f91b2	#78997a	#ece1d7	#292522	#7f91b2	#867462	#867462	#bd8183	#e49b5d	#b380b0	#292522	#35322f	#2f2b28
melange-light	true	#7892bd	#6e9b72	#54433a	#f1f1f1	#7892bd	#a98a78	#a98a78	#c77b8b	#bc5c00	#be79bb	#f1f1f1	#e2e2e2	#e9e9e9
mellifluous	false	#a8a1be	#b3b393	#dadada	#1a1a1a	#a8a1be	#5b5b5b	#5b5b5b	#d29393	#cbaa89	#b39fb0	#1a1a1a	#272727	#202020
mellow	false	#aca1cf	#90b99f	#c9c7cd	#161617	#aca1cf	#424246	#424246	#f5a191	#e6b99d	#e29eca	#161617	#232324	#1c1c1d
miasma	false	#78824b	#5f875f	#c2c2b0	#222222	#78824b	#666666	#666666	#685742	#b36d43	#bb7744	#222222	#2f2f2f	#282828
midnight-in-mojave	false	#0a84ff	#32d74b	#ffffff	#1e1e1e	#0a84ff	#515151	#515151	#ff453a	#ffd60a	#bf5af2	#1e1e1e	#2b2b2b	#242424
mirage	false	#7fb5ff	#85cc95	#a6b2c0	#1b2738	#7fb5ff	#575656	#575656	#ff9999	#ffd700	#ddb3ff	#1b2738	#283343	#212d3d
misterioso	false	#338f86	#74af68	#e1e1e0	#2d3743	#338f86	#626262	#626262	#ff4242	#ffad29	#9414e6	#2d3743	#39434e	#333d48
modus-operandi	true	#0031a9	#006800	#000000	#ffffff	#0031a9	#595959	#595959	#a60000	#6f5500	#721045	#ffffff	#efefef	#f7f7f7
modus-operandi-tinted	true	#0031a9	#006800	#000000	#fbf7f0	#0031a9	#595959	#595959	#a60000	#6f5500	#721045	#fbf7f0	#ebe8e1	#f3efe8
modus-vivendi	false	#2fafff	#44bc44	#ffffff	#000000	#2fafff	#595959	#595959	#ff5f59	#d0bc00	#feacd0	#000000	#0f0f0f	#070707
modus-vivendi-tinted	false	#2fafff	#44bc44	#ffffff	#0d0e1c	#2fafff	#595959	#595959	#ff5f59	#d0bc00	#feacd0	#0d0e1c	#1b1c29	#141522
molokai	false	#1080d0	#98e123	#bbbbbb	#121212	#1080d0	#555555	#555555	#fa2573	#dfd460	#8700ff	#121212	#202020	#191919
mona-lisa	false	#515c5d	#636232	#f7d66a	#120b0d	#515c5d	#874228	#874228	#9b291c	#c36e28	#9b1d29	#120b0d	#20191b	#191214
monokai-classic	false	#fd971f	#a6e22e	#fdfff1	#272822	#fd971f	#6e7066	#6e7066	#f92672	#e6db74	#ae81ff	#272822	#33342f	#2d2e28
monokai-pro	false	#fc9867	#a9dc76	#fcfcfa	#2d2a2e	#fc9867	#727072	#727072	#ff6188	#ffd866	#ab9df2	#2d2a2e	#39363a	#333034
monokai-pro-light	true	#e16032	#269d69	#29242a	#faf4f2	#e16032	#a59fa0	#a59fa0	#e14775	#cc7a0a	#7058be	#faf4f2	#ebe5e3	#f2ecea
monokai-pro-light-sun	true	#d4572b	#218871	#2c232e	#f8efe7	#d4572b	#a59c9c	#a59c9c	#ce4770	#b16803	#6851a2	#f8efe7	#e9e0d9	#f0e7e0
monokai-pro-machine	false	#ffb270	#a2e57b	#f2fffc	#273136	#ffb270	#6b7678	#6b7678	#ff6d7e	#ffed72	#baa0f8	#273136	#333d42	#2d373c
monokai-pro-octagon	false	#ff9b5e	#bad761	#eaf2f1	#282a3a	#ff9b5e	#696d77	#696d77	#ff657a	#ffd76d	#c39ac9	#282a3a	#343645	#2e303f
monokai-pro-ristretto	false	#f38d70	#adda78	#fff1f3	#2c2525	#f38d70	#72696a	#72696a	#fd6883	#f9cc6c	#a8a9eb	#2c2525	#383232	#322b2b
monokai-pro-spectrum	false	#fd9353	#7bd88f	#f7f1ff	#222222	#fd9353	#69676c	#69676c	#fc618d	#fce566	#948ae3	#222222	#2f2f2f	#282828
monokai-remastered	false	#9d65ff	#98e024	#d9d9d9	#0c0c0c	#9d65ff	#625e4c	#625e4c	#f4005f	#fd971f	#f4005f	#0c0c0c	#1a1a1a	#131313
monokai-soda	false	#9d65ff	#98e024	#c4c5b5	#1a1a1a	#9d65ff	#625e4c	#625e4c	#f4005f	#fa8419	#f4005f	#1a1a1a	#272727	#202020
monokai-vivid	false	#0443ff	#98e123	#f9f9f9	#121212	#0443ff	#838383	#838383	#fa2934	#fff30a	#f800f8	#121212	#202020	#191919
moonfly	false	#80a0ff	#8cc85f	#bdbdbd	#080808	#80a0ff	#949494	#949494	#ff5454	#e3c78a	#cf87e8	#080808	#161616	#0f0f0f
n0tch2k	false	#657d3e	#666666	#a0a0a0	#222222	#657d3e	#545454	#545454	#a95551	#a98051	#767676	#222222	#2f2f2f	#282828
neobones-dark	false	#8190d4	#90ff6b	#c6d5cf	#0f191f	#8190d4	#334652	#334652	#de6e7c	#b77e64	#b279a7	#0f191f	#1d262c	#161f25
neobones-light	true	#286486	#567a30	#202e18	#e5ede6	#286486	#99ac9c	#99ac9c	#a8334c	#944927	#88507d	#e5ede6	#d7ded8	#dee5df
neon	false	#0f15d8	#5ffa74	#00fffc	#14161a	#0f15d8	#686868	#686868	#ff3045	#fffc7e	#f924e7	#14161a	#222327	#1b1c20
neopolitan	false	#324883	#61ce3c	#ffffff	#271f19	#324883	#4c4c4c	#4c4c4c	#9a1a1a	#fbde2d	#ff0080	#271f19	#332c26	#2d251f
neutron	false	#6a7c93	#5ab977	#e6e8ef	#1c1e22	#6a7c93	#494b51	#494b51	#b54036	#deb566	#a4799d	#1c1e22	#292b2f	#222428
night-lion-v1	false	#276bd8	#5fde8f	#bbbbbb	#000000	#276bd8	#555555	#555555	#bb0000	#f3f167	#bb00bb	#000000	#0f0f0f	#070707
night-lion-v2	false	#64d0f0	#04f623	#bbbbbb	#171717	#64d0f0	#555555	#555555	#bb0000	#f3f167	#ce6fdb	#171717	#242424	#1d1d1d
night-owl	false	#82aaff	#22da6e	#d6deeb	#011627	#82aaff	#575656	#575656	#ef5350	#addb67	#c792ea	#011627	#102333	#081c2d
night-owlish-light	true	#4876d6	#2aa298	#403f53	#ffffff	#4876d6	#7a8181	#7a8181	#d3423e	#daaa01	#403f53	#ffffff	#efefef	#f7f7f7
nightfox	false	#719cd6	#81b29a	#cdcecf	#192330	#719cd6	#575860	#575860	#c94f6d	#dbc074	#9d79d6	#192330	#26303c	#1f2936
niji	false	#2ab9ff	#54ca74	#ffffff	#141515	#2ab9ff	#515151	#515151	#d23e08	#fff700	#ff50da	#141515	#222323	#1b1c1c
no-clown-fiesta	false	#bad7ff	#90a959	#e0e1e4	#101010	#bad7ff	#727272	#727272	#b46958	#f4bf75	#aa759f	#101010	#1e1e1e	#171717
no-clown-fiesta-light	true	#8ba1bf	#677940	#151515	#e1e1e1	#8ba1bf	#2b2b2b	#2b2b2b	#874e42	#b89058	#aa759f	#e1e1e1	#d3d3d3	#dadada
nocturnal-winter	false	#3182e0	#09cd7e	#e6e5e5	#0d0d17	#3182e0	#808080	#808080	#f12d52	#f5f17a	#ff2b6d	#0d0d17	#1b1b24	#14141d
nord	false	#81a1c1	#a3be8c	#d8dee9	#2e3440	#81a1c1	#596377	#596377	#bf616a	#ebcb8b	#b48ead	#2e3440	#3a404b	#343a45
nord-light	true	#81a1c1	#96b17f	#414858	#e5e9f0	#81a1c1	#4c566a	#4c566a	#bf616a	#c5a565	#b48ead	#e5e9f0	#d7dbe1	#dee2e8
nord-wave	false	#81a1c1	#a3be8c	#d8dee9	#212121	#81a1c1	#4c566a	#4c566a	#bf616a	#ebcb8b	#b48ead	#212121	#2e2e2e	#272727
nordfox	false	#81a1c1	#a3be8c	#cdcecf	#2e3440	#81a1c1	#53648d	#53648d	#bf616a	#ebcb8b	#b48ead	#2e3440	#3a404b	#343a45
novel	true	#0000cc	#009600	#3b2322	#dfdbc3	#0000cc	#808080	#808080	#cc0000	#d06b00	#cc00cc	#dfdbc3	#d1cdb7	#d8d4bd
novmbr	false	#2f7d7c	#9dac5f	#c7b8ac	#241d1a	#2f7d7c	#5d4e47	#5d4e47	#9f6434	#cca75f	#b5896e	#241d1a	#312a27	#2a2320
nvim-dark	false	#a6dbff	#b3f6c0	#e0e2ea	#14161b	#a6dbff	#4f5258	#4f5258	#ffc0b9	#fce094	#ffcaff	#14161b	#222328	#1b1c21
nvim-light	true	#004c73	#005523	#14161b	#e0e2ea	#004c73	#4f5258	#4f5258	#590008	#6b5300	#470045	#e0e2ea	#d2d4db	#d9dbe2
obsidian	false	#3a9bdb	#00bb00	#cdcdcd	#283033	#3a9bdb	#555555	#555555	#b30d0e	#fecd22	#bb00bb	#283033	#343c3f	#2e3639
ocean	false	#0000b2	#00a600	#ffffff	#224fbc	#0000b2	#808080	#808080	#e64c4c	#999900	#d826d8	#224fbc	#2f59c0	#2854be
oceanic-material	false	#1e80f0	#40a33f	#c2c8d7	#1c262b	#1e80f0	#777777	#777777	#ee2b2a	#ffea2e	#8800a0	#1c262b	#293337	#222c31
oceanic-next	false	#6699cc	#99c794	#c0c5ce	#162c35	#6699cc	#65737e	#65737e	#ec5f67	#fac863	#c594c5	#162c35	#233841	#1c323b
ollie	false	#2d57ac	#31ac61	#8a8dae	#222125	#2d57ac	#684432	#684432	#ac2e31	#ac4300	#b08528	#222125	#2f2e32	#28272b
one-dark-two	false	#71b9f4	#98c379	#e6e6e6	#21252b	#71b9f4	#4a505a	#4a505a	#e27881	#eac786	#c88bda	#21252b	#2e3237	#272b31
one-double-dark	false	#3fb1f5	#8cc570	#dbdfe5	#282c34	#3fb1f5	#525d6f	#525d6f	#f16372	#ecbe70	#d373e3	#282c34	#343840	#2e323a
one-double-light	true	#0087c1	#25a343	#383a43	#fafafa	#0087c1	#0e131f	#0e131f	#f74840	#cc8100	#b50da9	#fafafa	#ebebeb	#f2f2f2
one-half-dark	false	#61afef	#98c379	#dcdfe4	#282c34	#61afef	#5d677a	#5d677a	#e06c75	#e5c07b	#c678dd	#282c34	#343840	#2e323a
one-half-light	true	#0184bc	#50a14f	#383a42	#fafafa	#0184bc	#4f525e	#4f525e	#e45649	#c18401	#a626a4	#fafafa	#ebebeb	#f2f2f2
onenord	false	#81a1c1	#9ec183	#e5e9f0	#2e3440	#81a1c1	#596377	#596377	#e06c75	#ebcb8b	#b988b0	#2e3440	#3a404b	#343a45
onenord-light	true	#3879c5	#48a53d	#2e3440	#f7f8fa	#3879c5	#646a76	#646a76	#cb4f53	#ee5e25	#9f4aca	#f7f8fa	#e8e9eb	#eff0f2
operator-mono-dark	false	#4387cf	#4d7b3a	#c3cac2	#191919	#4387cf	#9a9b99	#9a9b99	#ca372d	#d4d697	#b86cb4	#191919	#262626	#1f1f1f
overnight-slumber	false	#8dabe1	#85cc95	#ced2d6	#0e1729	#8dabe1	#575656	#575656	#ffa7c4	#ffcb8b	#c792eb	#0e1729	#1c2435	#151d2f
owl	false	#656565	#989898	#dedede	#2f2b2c	#656565	#5d595b	#5d595b	#5a5a5a	#cacaca	#b1b1b1	#2f2b2c	#3b3738	#353132
oxocarbon	false	#00c15a	#00b4ff	#f2f4f8	#161616	#00c15a	#585858	#585858	#00dfdb	#ff4297	#c693ff	#161616	#232323	#1c1c1c
pale-night-hc	false	#82aaff	#c3e88d	#cccccc	#3e4251	#82aaff	#737373	#737373	#f07178	#ffcb6b	#c792ea	#3e4251	#494d5b	#434756
pandora	false	#338f86	#74af68	#e1e1e1	#141e43	#338f86	#3f5648	#3f5648	#ff4242	#ffad29	#9414e6	#141e43	#222b4e	#1b2448
paraiso-dark	false	#06b6ef	#48b685	#a39e9b	#2f1e2e	#06b6ef	#776e71	#776e71	#ef6155	#fec418	#815ba4	#2f1e2e	#3b2b3a	#352434
paul-millr	false	#396bd7	#79ff0f	#f2f2f2	#000000	#396bd7	#666666	#666666	#ff0000	#e7bf00	#b449be	#000000	#0f0f0f	#070707
pencil-dark	false	#008ec4	#10a778	#f1f1f1	#212121	#008ec4	#4f4f4f	#4f4f4f	#c30771	#a89c14	#5f4986	#212121	#2e2e2e	#272727
pencil-light	true	#008ec4	#10a778	#424242	#f1f1f1	#008ec4	#c5c5c5	#424242	#c30771	#a89c14	#523c79	#f1f1f1	#e2e2e2	#e9e9e9
peppermint	false	#449fd0	#89d287	#c8c8c8	#000000	#449fd0	#535353	#535353	#e74669	#dab853	#da62dc	#000000	#0f0f0f	#070707
phala-green-dark	false	#0223c0	#00b100	#c1fc03	#000000	#0223c0	#797979	#797979	#ab1500	#a9a700	#c22ec0	#000000	#0f0f0f	#070707
piatto-light	true	#3c5ea8	#66781e	#414141	#ffffff	#3c5ea8	#3f3f3f	#3f3f3f	#b23771	#cd6f34	#a454b2	#ffffff	#efefef	#f7f7f7
pnevma	false	#7fa5bd	#90a57d	#d0d0d0	#1c1c1c	#7fa5bd	#4a4845	#4a4845	#a36666	#d7af87	#c79ec4	#1c1c1c	#292929	#222222
poimandres	false	#89ddff	#5de4c7	#a6accd	#1a1e28	#89ddff	#3d4151	#a6accd	#d0679d	#fffac2	#fcc5e9	#1a1e28	#272b34	#20242e
poimandres-darker	false	#89ddff	#5de4c7	#a6accd	#16161e	#89ddff	#3a3b49	#a6accd	#d0679d	#fffac2	#fcc5e9	#16161e	#23232b	#1c1c24
poimandres-storm	false	#89ddff	#5de4c7	#a6accd	#252b37	#89ddff	#454b5c	#a6accd	#d0679d	#fffac2	#f087bd	#252b37	#323743	#2b313d
poimandres-white	true	#8abacd	#01dab2	#969cbd	#fefeff	#8abacd	#e4e5ee	#969cbd	#ff2090	#e5ba4e	#eb8394	#fefeff	#eeeeef	#f6f6f7
popping-and-locking	false	#458588	#98971a	#ebdbb2	#181921	#458588	#928374	#928374	#cc241d	#d79921	#b16286	#181921	#25262e	#1e1f27
powershell	false	#4140c3	#098003	#f6f6f7	#052454	#4140c3	#808080	#808080	#981a22	#c4a000	#d33682	#052454	#14315e	#0c2a59
primary	true	#4285f4	#0f9d58	#000000	#ffffff	#4285f4	#bfbfbf	#000000	#db4437	#f4b400	#db4437	#ffffff	#efefef	#f7f7f7
pro	false	#2009db	#00a600	#f2f2f2	#000000	#2009db	#666666	#666666	#990000	#999900	#b200b2	#000000	#0f0f0f	#070707
pro-light	true	#3b75ff	#50d148	#191919	#ffffff	#3b75ff	#9f9f9f	#9f9f9f	#e5492b	#c6c440	#ed66e8	#ffffff	#efefef	#f7f7f7
purple-rain	false	#00a2fa	#9be205	#fffbf6	#21084a	#00a2fa	#565656	#565656	#ff260e	#ffc400	#815bb5	#21084a	#2e1654	#270f4f
purplepeter	false	#66d9ef	#99b481	#ece7fa	#2a1a4a	#66d9ef	#504b63	#504b63	#ff796d	#efdfac	#e78fcd	#2a1a4a	#362754	#30204f
rapture	false	#6c9bf5	#7afde1	#c0c9e5	#111e2a	#6c9bf5	#304b66	#304b66	#fc644d	#fff09b	#ff4fa1	#111e2a	#1f2b36	#182430
raycast-dark	false	#56c2ff	#59d499	#ffffff	#1a1a1a	#56c2ff	#4c4c4c	#4c4c4c	#ff5360	#ffc531	#cf2f98	#1a1a1a	#272727	#202020
raycast-light	true	#138af2	#006b4f	#000000	#ffffff	#138af2	#bfbfbf	#000000	#b12424	#f8a300	#9a1b6e	#ffffff	#efefef	#f7f7f7
rebecca	false	#7aa5ff	#04dbb5	#e8e6ed	#292a44	#7aa5ff	#666699	#666699	#dd7755	#f2e7b7	#bf9cf9	#292a44	#35364f	#2f3049
red-alert	false	#489bee	#71be6b	#ffffff	#762423	#489bee	#666666	#666666	#d62e4e	#beb86b	#e979d7	#762423	#7e3130	#7a2a29
red-planet	false	#69819e	#728271	#c2b790	#222222	#69819e	#676767	#676767	#8c3432	#e8bf6a	#896492	#222222	#2f2f2f	#282828
red-sands	false	#0072ff	#00bb00	#d7c9a7	#7a251e	#0072ff	#6e6e6e	#6e6e6e	#ff3f00	#e7b000	#bb00bb	#7a251e	#81322b	#7d2b24
relaxed	false	#6a8799	#909d63	#d9d9d9	#353a44	#6a8799	#636363	#636363	#bc5653	#ebc17a	#b06698	#353a44	#41454f	#3b3f49
retro	false	#13a10e	#13a10e	#13a10e	#000000	#13a10e	#16ba10	#16ba10	#13a10e	#13a10e	#13a10e	#000000	#0f0f0f	#070707
retro-legends	false	#4066f2	#45eb45	#45eb45	#0d0d0d	#4066f2	#4c594c	#4c594c	#de5454	#f7bf2b	#bf4cf2	#0d0d0d	#1b1b1b	#141414
rippedcasts	false	#75a5b0	#a8ff60	#ffffff	#2b2b2b	#75a5b0	#666666	#666666	#cdaf95	#bfbb1f	#ff73fd	#2b2b2b	#373737	#313131
rose-pine	false	#9ccfd8	#31748f	#e0def4	#191724	#9ccfd8	#6e6a86	#6e6a86	#eb6f92	#f6c177	#c4a7e7	#191724	#262431	#1f1d2a
rose-pine-dawn	true	#56949f	#286983	#575279	#faf4ed	#56949f	#9893a5	#9893a5	#b4637a	#ea9d34	#907aa9	#faf4ed	#ebe5de	#f2ece5
rose-pine-moon	false	#9ccfd8	#3e8fb0	#e0def4	#232136	#9ccfd8	#6e6a86	#6e6a86	#eb6f92	#f6c177	#c4a7e7	#232136	#302e42	#29273c
rouge-2	false	#6e94b9	#969e92	#a2a3aa	#17182b	#6e94b9	#616274	#616274	#c6797e	#dbcdab	#4c4e78	#17182b	#242537	#1d1e31
royal	false	#6580b0	#23801c	#514968	#100815	#6580b0	#3e3a4a	#3e3a4a	#91284c	#b49d27	#674d96	#100815	#1e1623	#170f1c
ryuuko	false	#6a8e95	#66907d	#ececec	#2c3941	#6a8e95	#5d7079	#5d7079	#865f5b	#b1a990	#b18a73	#2c3941	#38444c	#323e46
sakura	false	#6964ab	#41af1a	#dd7bdc	#18131e	#6964ab	#786d69	#786d69	#d52370	#bc7053	#c71fbf	#18131e	#25212b	#1e1a24
scarlet-protocol	false	#0271b6	#00dc84	#e41951	#1c153d	#0271b6	#686868	#686868	#ff0051	#faf945	#ca30c7	#1c153d	#292348	#221c42
sea-shells	false	#1e4950	#027c9b	#deb88d	#09141b	#1e4950	#434b53	#434b53	#d15123	#fca02f	#68d4f1	#09141b	#172228	#101b21
seafoam-pastel	false	#4d7b82	#728c62	#d4e7d4	#243435	#4d7b82	#8a8a8a	#8a8a8a	#825d4d	#ada16d	#8a7267	#243435	#314041	#2a3a3b
selenized-black	false	#368aeb	#70b433	#b9b9b9	#181818	#368aeb	#777777	#777777	#ed4a46	#dbb32d	#eb6eb7	#181818	#252525	#1e1e1e
selenized-dark	false	#4695f7	#75b938	#adbcbc	#103c48	#4695f7	#72898f	#72898f	#fa5750	#dbb32d	#f275be	#103c48	#1e4752	#17414d
selenized-light	true	#0072d4	#489100	#53676d	#fbf3db	#0072d4	#909995	#909995	#d2212d	#ad8900	#ca4898	#fbf3db	#ebe4cd	#f3ebd4
seoulbones-dark	false	#97bdde	#98bd99	#dddddd	#4b4b4b	#97bdde	#797172	#797172	#e388a3	#ffdf9b	#a5a6c5	#4b4b4b	#555555	#505050
seoulbones-light	true	#0084a3	#628562	#555555	#e2e2e2	#0084a3	#a5a0a1	#a5a0a1	#dc5284	#c48562	#896788	#e2e2e2	#d4d4d4	#dbdbdb
seti	false	#43a5d5	#8ec43d	#cacecd	#111213	#43a5d5	#3f3f3f	#3f3f3f	#c22832	#e0c64f	#8b57b5	#111213	#1f2021	#18191a
shades-of-purple	false	#6943ff	#3ad900	#ffffff	#1e1d40	#6943ff	#686868	#686868	#d90429	#ffe700	#ff2c70	#1e1d40	#2b2a4b	#242345
shaman	false	#449a86	#00a941	#405555	#001015	#449a86	#384451	#384451	#b2302d	#5e8baa	#00599d	#001015	#0f1e23	#07171c
slate	false	#335856	#81d778	#35b1d2	#222222	#335856	#ffffff	#ffffff	#e2a8bf	#c4c9c0	#a481d3	#222222	#2f2f2f	#282828
sleepy-hollow	false	#5f63b4	#91773f	#af9a91	#121214	#5f63b4	#4e4b61	#4e4b61	#ba3934	#b55600	#a17c7b	#121214	#202022	#19191b
smyck	false	#62a3c4	#7da900	#f7f7f7	#1b1b1b	#62a3c4	#7a7a7a	#7a7a7a	#b84131	#c4a500	#ba8acc	#1b1b1b	#282828	#212121
snazzy	false	#49baff	#50fb7c	#ebece6	#1e1f29	#49baff	#555555	#555555	#fc4346	#f0fb8c	#fc4cb4	#1e1f29	#2b2c35	#24252f
snazzy-soft	false	#57c7ff	#5af78e	#eff0eb	#282a36	#57c7ff	#686868	#686868	#ff5c57	#f3f99d	#ff6ac1	#282a36	#343642	#2e303c
soft-server	false	#6b8fa3	#9aa56a	#99a3a2	#242626	#6b8fa3	#666c6c	#666c6c	#a2686a	#a3906a	#6a71a3	#242626	#313333	#2a2c2c
solarized-darcula	false	#2075c7	#629655	#d2d8d9	#3d3f41	#2075c7	#65696a	#65696a	#f24840	#b68800	#797fd4	#3d3f41	#484a4c	#424446
solarized-dark-higher-contrast	false	#2176c7	#6cbe6c	#9cc2c3	#001e27	#2176c7	#006488	#006488	#d11c24	#a57706	#c61c6f	#001e27	#0f2b33	#07242d
solarized-dark-patched	false	#2176c7	#738a05	#708284	#001e27	#2176c7	#475b62	#475b62	#d11c24	#a57706	#c61c6f	#001e27	#0f2b33	#07242d
solarized-osaka-night	false	#7aa2f7	#9ece6a	#c0caf5	#1a1b26	#7aa2f7	#414868	#414868	#f7768e	#e0af68	#bb9af7	#1a1b26	#272833	#20212c
sonokai	false	#76cce0	#9ed072	#e2e2e3	#2c2e34	#76cce0	#7f8490	#7f8490	#fc5d7c	#e7c664	#b39df3	#2c2e34	#383a40	#32343a
spacedust	false	#0f548b	#5cab96	#ecf0c1	#0a1e24	#0f548b	#684c31	#684c31	#e35b00	#e3cd7b	#e35b00	#0a1e24	#182b31	#11242a
spacegray	false	#7d8fa4	#87b379	#b3b8c3	#20242d	#7d8fa4	#4c4c4c	#4c4c4c	#b04b57	#e5c179	#a47996	#20242d	#2d3139	#262a33
spacegray-bright	false	#7baec1	#a0b56c	#f3f3f3	#2a2e3a	#7baec1	#626262	#626262	#bc5553	#f6c987	#b98aae	#2a2e3a	#363a45	#30343f
spacegray-eighties	false	#5486c0	#81a764	#bdbaae	#222222	#5486c0	#555555	#555555	#ec5f67	#fec254	#bf83c1	#222222	#2f2f2f	#282828
spacegray-eighties-dull	false	#7c8fa5	#92b477	#c9c6bc	#222222	#7c8fa5	#555555	#555555	#b24a56	#c6735a	#a5789e	#222222	#2f2f2f	#282828
spiderman	false	#2c3fff	#e22928	#e3e3e3	#1b1d1e	#2c3fff	#505354	#505354	#e60813	#e24756	#2435db	#1b1d1e	#282a2b	#212324
spring	true	#1dd3ee	#1f8c3b	#4d4d4c	#ffffff	#1dd3ee	#000000	#000000	#ff4d83	#1fc95b	#8959a8	#ffffff	#efefef	#f7f7f7
square	false	#a9cdeb	#b6377d	#acacab	#1a1a1a	#a9cdeb	#474747	#474747	#e9897c	#ecebbe	#75507b	#1a1a1a	#272727	#202020
squirrelsong-dark	false	#4395c6	#468336	#b19b89	#372920	#4395c6	#704f39	#704f39	#ba4138	#d4b139	#855fb8	#372920	#43352d	#3d2f26
srcery	false	#2c78bf	#519f50	#fce8c3	#1c1b19	#2c78bf	#918175	#918175	#ef2f27	#fbb829	#e02c6d	#1c1b19	#292826	#22211f
starlight	false	#24acd4	#47b413	#ffffff	#242424	#24acd4	#616161	#616161	#f62b5a	#e3c401	#f2affd	#242424	#313131	#2a2a2a
sublette	false	#5588ff	#55ee77	#ccced0	#202535	#5588ff	#405570	#405570	#ee5577	#ffdd88	#ff77cc	#202535	#2d3241	#262b3b
subliminal	false	#6699cc	#a9cfa4	#d4d4d4	#282c35	#6699cc	#7f7f7f	#7f7f7f	#e15a60	#ffe2a9	#f1a5ab	#282c35	#343841	#2e323b
sugarplum	false	#db7ddd	#53b397	#db7ddd	#111147	#db7ddd	#44447a	#44447a	#5ca8dc	#249a84	#d0beee	#111147	#1f1f52	#18184c
sundried	false	#485b98	#587744	#c9c9c9	#1a1818	#485b98	#4d4e48	#4d4e48	#a7463d	#9d602a	#864651	#1a1818	#272525	#201e1e
sunset-drive	false	#00a4ff	#00f992	#ededfe	#0f0f1a	#00a4ff	#3e3e4b	#3e3e4b	#ff0063	#ffe900	#ff57fd	#0f0f1a	#1d1d27	#161620
symfonic	false	#0084d4	#56db3a	#ffffff	#000000	#0084d4	#414347	#414347	#dc322f	#ff8400	#b729d9	#000000	#0f0f0f	#070707
synthwave	false	#2186ec	#1ebb2b	#dad9c7	#000000	#2186ec	#7f7094	#7f7094	#f6188f	#fdf834	#f85a21	#000000	#0f0f0f	#070707
synthwave-alpha	false	#6e29ad	#00986c	#f2f2e3	#241b30	#6e29ad	#7f7094	#7f7094	#e60a70	#adad3e	#b300ad	#241b30	#31283c	#2a2136
synthwave-everything	false	#6d77b3	#72f1b8	#f0eff1	#2a2139	#6d77b3	#fefefe	#fefefe	#f97e72	#fede5d	#c792ea	#2a2139	#362e44	#30273e
tango-adapted	true	#00a2ff	#59d600	#000000	#ffffff	#00a2ff	#8f928b	#8f928b	#ff0000	#e3be00	#c17ecc	#ffffff	#efefef	#f7f7f7
tango-half-adapted	true	#008ef6	#4cc300	#000000	#ffffff	#008ef6	#797d76	#797d76	#ff0000	#e2c000	#a96cb3	#ffffff	#efefef	#f7f7f7
tearout	false	#b5955e	#97976d	#f4d2ae	#34392d	#b5955e	#75644f	#75644f	#cc967b	#6c9861	#c9a554	#34392d	#404439	#3a3e33
teerb	false	#86aed6	#aed686	#d0d0d0	#262626	#86aed6	#4f4f4f	#4f4f4f	#d68686	#d7af87	#d6aed6	#262626	#333333	#2c2c2c
terafox	false	#5a93aa	#7aa4a1	#e6eaea	#152528	#5a93aa	#4e5157	#4e5157	#e85c51	#fda47f	#ad5c7c	#152528	#233234	#1c2b2e
terminal-basic	true	#0000b2	#00a600	#000000	#ffffff	#0000b2	#666666	#666666	#990000	#999900	#b200b2	#ffffff	#efefef	#f7f7f7
terminal-basic-dark	false	#6444ed	#6ac44b	#ffffff	#1d1e1d	#6444ed	#909090	#909090	#c65339	#b8b74a	#d357db	#1d1e1d	#2a2b2a	#232423
thayer-bright	false	#2757d6	#4df840	#f8f8f8	#1b1d1e	#2757d6	#505354	#505354	#f92672	#f4fd22	#8c54fe	#1b1d1e	#282a2b	#212324
the-hulk	false	#2525f5	#13ce30	#b5b5b5	#1b1d1e	#2525f5	#505354	#505354	#269d1b	#63e457	#712c81	#1b1d1e	#282a2b	#212324
tinacious-design-dark	false	#00cbff	#00d364	#cbcbf0	#1d1d26	#00cbff	#636667	#636667	#ff3399	#ffcc66	#cc66ff	#1d1d26	#2a2a33	#23232c
tinacious-design-light	true	#00cbff	#00d364	#1d1d26	#f8f8ff	#00cbff	#636667	#636667	#ff3399	#e5b24d	#cc66ff	#f8f8ff	#e9e9ef	#f0f0f7
tokyonight	false	#7aa2f7	#9ece6a	#c0caf5	#1a1b26	#7aa2f7	#414868	#414868	#f7768e	#e0af68	#bb9af7	#1a1b26	#272833	#20212c
tokyonight-day	true	#2e7de9	#587539	#3760bf	#e1e2e7	#2e7de9	#a1a6c5	#a1a6c5	#f52a65	#8c6c3e	#9854f1	#e1e2e7	#d3d4d9	#dadbe0
tokyonight-moon	false	#82aaff	#c3e88d	#c8d3f5	#222436	#82aaff	#444a73	#444a73	#ff757f	#ffc777	#c099ff	#222436	#2f3142	#282a3c
tokyonight-night	false	#7aa2f7	#9ece6a	#c0caf5	#1a1b26	#7aa2f7	#414868	#414868	#f7768e	#e0af68	#bb9af7	#1a1b26	#272833	#20212c
tokyonight-storm	false	#7aa2f7	#9ece6a	#c0caf5	#24283b	#7aa2f7	#4e5575	#4e5575	#f7768e	#e0af68	#bb9af7	#24283b	#313446	#2a2e40
tomorrow	true	#4271ae	#718c00	#4d4d4c	#ffffff	#4271ae	#000000	#000000	#c82829	#eab700	#8959a8	#ffffff	#efefef	#f7f7f7
tomorrow-night	false	#81a2be	#b5bd68	#c5c8c6	#1d1f21	#81a2be	#4c4c4c	#4c4c4c	#cc6666	#f0c674	#b294bb	#1d1f21	#2a2c2e	#232527
tomorrow-night-blue	false	#bbdaff	#d1f1a9	#ffffff	#002451	#bbdaff	#4c4c4c	#4c4c4c	#ff9da4	#ffeead	#ebbbff	#002451	#0f315b	#072a56
tomorrow-night-bright	false	#7aa6da	#b9ca4a	#eaeaea	#000000	#7aa6da	#404040	#404040	#d54e53	#e7c547	#c397d8	#000000	#0f0f0f	#070707
tomorrow-night-burns	false	#fc595f	#a63c40	#a1b0b8	#151515	#fc595f	#5d6f71	#5d6f71	#832e31	#d3494e	#df9395	#151515	#232323	#1c1c1c
tomorrow-night-eighties	false	#6699cc	#99cc99	#cccccc	#2d2d2d	#6699cc	#595959	#595959	#f2777a	#ffcc66	#cc99cc	#2d2d2d	#393939	#333333
toy-chest	false	#325d96	#1a9172	#31d07b	#24364b	#325d96	#336889	#336889	#be2d26	#db8e27	#8a5edc	#24364b	#314255	#2a3c50
traffic	false	#515e67	#637268	#cfb9a8	#272c30	#515e67	#4e575e	#4e575e	#934e46	#c79e84	#715f5e	#272c30	#33383c	#2d3236
treehouse	false	#58859a	#44a900	#786b53	#191919	#58859a	#504333	#504333	#b2270e	#aa820c	#97363d	#191919	#262626	#1f1f1f
twilight	false	#44474a	#afb97a	#ffffd4	#141414	#44474a	#404040	#404040	#c06d44	#c2a86c	#b4be7c	#141414	#222222	#1b1b1b
ubuntu	false	#3465a4	#4e9a06	#eeeeec	#300a24	#3465a4	#555753	#555753	#cc0000	#c4a000	#75507b	#300a24	#3c1831	#36112a
ultra-dark	false	#82aaff	#c3e88d	#ffffff	#000000	#82aaff	#404040	#404040	#f07178	#ffcb6b	#c792ea	#000000	#0f0f0f	#070707
ultra-violent	false	#47e0fb	#b6ff00	#c1c1c1	#242728	#47e0fb	#636667	#636667	#ff0090	#fff727	#d731ff	#242728	#313334	#2a2d2e
under-the-sea	false	#459a86	#00a941	#ffffff	#011116	#459a86	#384451	#384451	#b2302d	#59819c	#00599d	#011116	#101f23	#08181c
unikitty	false	#145fcd	#c7ff98	#0b0b0b	#ff8cd9	#145fcd	#434343	#434343	#a80f20	#fff964	#ffe9ff	#ff8cd9	#fe92db	#ff8fda
urban	false	#615772	#74934e	#c0a79a	#312e39	#615772	#5c5865	#5c5865	#87404f	#ae835a	#854b64	#312e39	#3d3a44	#37343e
urple	false	#564d9b	#37a415	#877a9b	#1b1b23	#564d9b	#6a3f32	#6a3f32	#b0425b	#ad5c42	#6c3ca1	#1b1b23	#282830	#212129
vague	false	#6e94b2	#7fa563	#cdcdcd	#141415	#6e94b2	#606079	#606079	#d8647e	#f3be7c	#bb9dbd	#141415	#222223	#1b1b1c
vaughn	false	#5555ff	#60b48a	#dcdccc	#25234f	#5555ff	#709080	#709080	#705050	#dfaf8f	#f08cc3	#25234f	#323059	#2b2954
vercel	false	#006aff	#29a948	#fafafa	#101010	#006aff	#a8a8a8	#a8a8a8	#fc0036	#ffae00	#f32882	#101010	#1e1e1e	#171717
vesper	false	#aca1cf	#90b99f	#ffffff	#101010	#aca1cf	#7e7e7e	#7e7e7e	#f5a191	#e6b99d	#e29eca	#101010	#1e1e1e	#171717
vibrant-ink	false	#44b4cc	#ccff04	#ffffff	#000000	#44b4cc	#555555	#555555	#ff6600	#ffcc00	#9933cc	#000000	#0f0f0f	#070707
vimbones	true	#286486	#4f6c31	#353535	#f0f0ca	#286486	#acac89	#acac89	#a8334c	#944927	#88507d	#f0f0ca	#e1e1bd	#e8e8c3
violet-dark	false	#2e8bce	#85981c	#708284	#1c1d1f	#2e8bce	#45484b	#45484b	#c94c22	#b4881d	#d13a82	#1c1d1f	#292a2c	#222325
violet-light	true	#2e8bce	#85981c	#536870	#fcf4dc	#2e8bce	#45484b	#45484b	#c94c22	#b4881d	#d13a82	#fcf4dc	#ece5ce	#f4ecd5
violite	false	#a979ec	#79ecb3	#eef4f6	#241c36	#a979ec	#56447a	#56447a	#ec7979	#ece279	#ec79ec	#241c36	#312942	#2a223c
warm-neon	false	#4261c5	#39b13a	#afdab6	#404040	#4261c5	#fefcfc	#fefcfc	#e24346	#dae145	#f920fb	#404040	#4b4b4b	#454545
wez	false	#5555cc	#55cc55	#b3b3b3	#000000	#5555cc	#555555	#555555	#cc5555	#cdcd55	#cc55cc	#000000	#0f0f0f	#070707
whimsy	false	#65aef7	#5eca89	#b3b0d6	#29283b	#65aef7	#535178	#535178	#ef6487	#fdd877	#aa7ff0	#29283b	#353446	#2f2e40
wild-cherry	false	#883cdc	#2ab250	#dafaff	#1f1726	#883cdc	#009cc9	#009cc9	#d94085	#ffd16f	#ececec	#1f1726	#2c2433	#251d2c
wilmersdorf	false	#a6c1e0	#7ebebd	#c6c6c6	#282b33	#a6c1e0	#50545d	#50545d	#e06383	#cccccc	#e1c1ee	#282b33	#34373f	#2e3139
wombat	false	#5da9f6	#b1e969	#dedacf	#171717	#5da9f6	#4a4a4a	#4a4a4a	#ff615a	#ebd99c	#e86aff	#171717	#242424	#1d1d1d
wryan	false	#395573	#287373	#999993	#101010	#395573	#3d3d3d	#3d3d3d	#8c4665	#7c7c99	#5e468c	#101010	#1e1e1e	#171717
xcode-dark	false	#4eb0cc	#78c2b3	#dfdfe0	#292a30	#4eb0cc	#7f8c98	#7f8c98	#ff8170	#d9c97c	#ff7ab2	#292a30	#35363c	#2f3036
xcode-dark-hc	false	#4ec4e6	#83c9bc	#ffffff	#1f1f24	#4ec4e6	#838991	#838991	#ff8a7a	#d9c668	#ff85b8	#1f1f24	#2c2c31	#25252a
xcode-light	true	#0f68a0	#3e8087	#262626	#ffffff	#0f68a0	#8a99a6	#8a99a6	#d12f1b	#78492a	#ad3da4	#ffffff	#efefef	#f7f7f7
xcode-light-hc	true	#0058a1	#355d61	#000000	#ffffff	#0058a1	#8a99a6	#8a99a6	#ad1805	#78492a	#9c2191	#ffffff	#efefef	#f7f7f7
xcode-wwdc	false	#8884c5	#94c66e	#e7e8eb	#292c36	#8884c5	#7f869e	#7f869e	#bb383a	#d28e5d	#b73999	#292c36	#353842	#2f323c
zenbones	true	#286486	#4f6c31	#2c363c	#f0edec	#286486	#b5a7a0	#b5a7a0	#a8334c	#944927	#88507d	#f0edec	#e1dedd	#e8e5e4
zenbones-dark	false	#6099c0	#819b69	#b4bdc3	#1c1917	#6099c0	#4d4540	#4d4540	#de6e7c	#b77e64	#b279a7	#1c1917	#292624	#221f1d
zenbones-light	true	#286486	#4f6c31	#2c363c	#f0edec	#286486	#b5a7a0	#b5a7a0	#a8334c	#944927	#88507d	#f0edec	#e1dedd	#e8e5e4
zenburn	false	#5d6d7d	#60b48a	#dcdccc	#3f3f3f	#5d6d7d	#709080	#709080	#7d5d5d	#f0dfaf	#dc8cc3	#3f3f3f	#4a4a4a	#444444
zenburned	false	#6099c0	#819b69	#f0e4cf	#404040	#6099c0	#6f6768	#6f6768	#e3716e	#b77e64	#b279a7	#404040	#4b4b4b	#454545
zenwritten-dark	false	#6099c0	#819b69	#bbbbbb	#191919	#6099c0	#4a4546	#4a4546	#de6e7c	#b77e64	#b279a7	#191919	#262626	#1f1f1f
zenwritten-light	true	#286486	#4f6c31	#353535	#eeeeee	#286486	#aca9a9	#aca9a9	#a8334c	#944927	#88507d	#eeeeee	#dfdfdf	#e6e6e6
